<?xml version="1.0" encoding="utf-8"?>
<edmx:Edmx Version="1.0" xmlns:edmx="http://schemas.microsoft.com/ado/2007/06/edmx" xmlns:m="http://schemas.microsoft.com/ado/2007/08/dataservices/metadata" xmlns:sap="http://www.sap.com/Protocols/SAPData">
    <edmx:DataServices m:DataServiceVersion="2.0">
        <Schema Namespace="YE08_GW003_SRV" xml:lang="en" sap:schema-version="1" xmlns="http://schemas.microsoft.com/ado/2008/09/edm">
            <EntityType Name="Carrier" sap:content-version="1">
                <Key>
                    <PropertyRef Name="Carrid"/>
                </Key>
                <Property Name="Carrid" Type="Edm.String" Nullable="false" MaxLength="3" sap:unicode="false" sap:label="Airline" sap:creatable="false" sap:updatable="false" sap:sortable="false" sap:filterable="false"/>
                <Property Name="Carrname" Type="Edm.String" Nullable="false" MaxLength="20" sap:unicode="false" sap:label="Airline" sap:creatable="false" sap:updatable="false" sap:sortable="false" sap:filterable="false"/>
                <Property Name="Currcode" Type="Edm.String" Nullable="false" MaxLength="5" sap:unicode="false" sap:label="Airline Currency" sap:creatable="false" sap:updatable="false" sap:sortable="false" sap:filterable="false" sap:semantics="currency-code"/>
                <Property Name="Url" Type="Edm.String" Nullable="false" MaxLength="255" sap:unicode="false" sap:label="URL" sap:creatable="false" sap:updatable="false" sap:sortable="false" sap:filterable="false"/>
                <NavigationProperty Name="toConnection" Relationship="YE08_GW003_SRV.Asso_Carrier_Connection" FromRole="FromRole_Asso_Carrier_Connection" ToRole="ToRole_Asso_Carrier_Connection"/>
            </EntityType>
            <EntityType Name="Connection" sap:content-version="1">
                <Key>
                    <PropertyRef Name="Carrid"/>
                </Key>
                <Property Name="Carrid" Type="Edm.String" Nullable="false" MaxLength="3" sap:unicode="false" sap:label="Airline" sap:creatable="false" sap:updatable="false" sap:sortable="false" sap:filterable="false"/>
                <Property Name="Connid" Type="Edm.String" Nullable="false" MaxLength="4" sap:unicode="false" sap:label="Flight Number" sap:creatable="false" sap:updatable="false" sap:sortable="false" sap:filterable="false"/>
                <Property Name="Countryfr" Type="Edm.String" Nullable="false" MaxLength="3" sap:unicode="false" sap:label="Country" sap:creatable="false" sap:updatable="false" sap:sortable="false" sap:filterable="false"/>
                <Property Name="Cityfrom" Type="Edm.String" Nullable="false" MaxLength="20" sap:unicode="false" sap:label="Depart.city" sap:creatable="false" sap:updatable="false" sap:sortable="false" sap:filterable="false"/>
                <Property Name="Airpfrom" Type="Edm.String" Nullable="false" MaxLength="3" sap:unicode="false" sap:label="Dep. airport" sap:creatable="false" sap:updatable="false" sap:sortable="false" sap:filterable="false"/>
                <Property Name="Countryto" Type="Edm.String" Nullable="false" MaxLength="3" sap:unicode="false" sap:label="Country" sap:creatable="false" sap:updatable="false" sap:sortable="false" sap:filterable="false"/>
                <Property Name="Cityto" Type="Edm.String" Nullable="false" MaxLength="20" sap:unicode="false" sap:label="Arrival city" sap:creatable="false" sap:updatable="false" sap:sortable="false" sap:filterable="false"/>
                <Property Name="Airpto" Type="Edm.String" Nullable="false" MaxLength="3" sap:unicode="false" sap:label="Dest. airport" sap:creatable="false" sap:updatable="false" sap:sortable="false" sap:filterable="false"/>
                <Property Name="Fltime" Type="Edm.String" Nullable="false" MaxLength="6" sap:unicode="false" sap:label="Flight time" sap:creatable="false" sap:updatable="false" sap:sortable="false" sap:filterable="false"/>
                <Property Name="Deptime" Type="Edm.Time" Nullable="false" Precision="0" sap:unicode="false" sap:label="Departure" sap:creatable="false" sap:updatable="false" sap:sortable="false" sap:filterable="false"/>
                <Property Name="Arrtime" Type="Edm.Time" Nullable="false" Precision="0" sap:unicode="false" sap:label="Arrival Time" sap:creatable="false" sap:updatable="false" sap:sortable="false" sap:filterable="false"/>
                <Property Name="Distance" Type="Edm.Decimal" Nullable="false" Precision="9" Scale="4" sap:unicode="false" sap:unit="Distid" sap:label="Distance" sap:creatable="false" sap:updatable="false" sap:sortable="false" sap:filterable="false"/>
                <Property Name="Distid" Type="Edm.String" Nullable="false" MaxLength="3" sap:unicode="false" sap:label="Distance in" sap:creatable="false" sap:updatable="false" sap:sortable="false" sap:filterable="false" sap:semantics="unit-of-measure"/>
                <Property Name="Fltype" Type="Edm.String" Nullable="false" MaxLength="1" sap:unicode="false" sap:label="Charter" sap:creatable="false" sap:updatable="false" sap:sortable="false" sap:filterable="false"/>
                <Property Name="Period" Type="Edm.Byte" Nullable="false" sap:unicode="false" sap:label="n day(s) later" sap:creatable="false" sap:updatable="false" sap:sortable="false" sap:filterable="false"/>
            </EntityType>
            <Association Name="Asso_Carrier_Connection" sap:content-version="1">
                <End Type="YE08_GW003_SRV.Carrier" Multiplicity="1" Role="FromRole_Asso_Carrier_Connection"/>
                <End Type="YE08_GW003_SRV.Connection" Multiplicity="*" Role="ToRole_Asso_Carrier_Connection"/>
                <ReferentialConstraint>
                    <Principal Role="FromRole_Asso_Carrier_Connection">
                        <PropertyRef Name="Carrid"/>
                    </Principal>
                    <Dependent Role="ToRole_Asso_Carrier_Connection">
                        <PropertyRef Name="Carrid"/>
                    </Dependent>
                </ReferentialConstraint>
            </Association>
            <EntityContainer Name="YE08_GW003_SRV_Entities" m:IsDefaultEntityContainer="true" sap:supported-formats="atom json xlsx">
                <EntitySet Name="CarrierSet" EntityType="YE08_GW003_SRV.Carrier" sap:creatable="false" sap:updatable="false" sap:deletable="false" sap:pageable="false" sap:content-version="1"/>
                <EntitySet Name="ConnectionSet" EntityType="YE08_GW003_SRV.Connection" sap:creatable="false" sap:updatable="false" sap:deletable="false" sap:pageable="false" sap:content-version="1"/>
                <AssociationSet Name="Asso_Carrier_ConnectionSet" Association="YE08_GW003_SRV.Asso_Carrier_Connection" sap:creatable="false" sap:updatable="false" sap:deletable="false" sap:content-version="1">
                    <End EntitySet="CarrierSet" Role="FromRole_Asso_Carrier_Connection"/>
                    <End EntitySet="ConnectionSet" Role="ToRole_Asso_Carrier_Connection"/>
                </AssociationSet>
            </EntityContainer>
            <atom:link rel="self" href="http://210.16.199.140:8001/sap/opu/odata/sap/YE08_GW003_SRV/$metadata" xmlns:atom="http://www.w3.org/2005/Atom"/>
            <atom:link rel="latest-version" href="http://210.16.199.140:8001/sap/opu/odata/sap/YE08_GW003_SRV/$metadata" xmlns:atom="http://www.w3.org/2005/Atom"/>
        </Schema>
    </edmx:DataServices>
</edmx:Edmx>